id,passenger_first_name,passenger_last_name,email,airport_continent_departure,airport_continent_arrival,flight_number,flight_duration
1,Nerty,Luce,nluce0@economist.com,NA,NA,375,1.73
2,Antonella,Birkmyre,abirkmyre1@pagesperso-orange.fr,EU,EU,1140,4.76
3,Kean,Toseland,ktoseland2@abc.net.au,AS,AS,228,3.83
4,Cathee,Burgh,cburgh3@unicef.org,NA,EU,490,1.08
5,Jasmin,Blethin,jblethin4@networkadvertising.org,AF,AF,661,4.99
6,Georgy,Sellen,gsellen5@telegraph.co.uk,AF,AS,1451,2.61
7,Kaylil,Casaroli,kcasaroli6@globo.com,EU,SA,241,1.01
8,Bernita,Bartles,bbartles7@sun.com,NA,NA,789,1.69
9,Fae,Alford,falford8@usnews.com,AF,NA,881,4.26
10,Bren,Oakman,boakman9@oakley.com,EU,AS,804,2.49
11,Morley,Curthoys,mcurthoysa@liveinternet.ru,NA,NA,681,4.35
12,Shannon,Feaster,sfeasterb@360.cn,AS,SA,234,3.72
13,Melicent,Bardey,mbardeyc@amazon.co.jp,NA,AS,838,1.21
14,Brigit,Hyde-Chambers,bhydechambersd@auda.org.au,SA,SA,1474,4.38
15,Penny,Kibbey,,AS,NA,443,4.75
16,Erin,Woolger,ewoolgerf@fotki.com,AS,AS,1354,2.94
17,Ivor,Charman,,OC,AF,512,4.63
18,Goldarina,Steere,gsteereh@hud.gov,AS,NA,807,2.0
19,Zea,Eckh,zeckhi@china.com.cn,NA,NA,353,3.12
20,Inge,Carwithen,icarwithenj@constantcontact.com,AF,AF,513,3.76
21,Nils,Beyn,nbeynk@lulu.com,AS,AS,1262,3.5
22,Graehme,Moynihan,gmoynihanl@google.com.hk,AS,AS,278,4.76
23,Hartwell,Helbeck,hhelbeckm@list-manage.com,EU,NA,386,3.74
24,Josh,Zukierman,jzukiermann@1und1.de,OC,NA,671,2.84
25,Tabbi,Grevatt,tgrevatto@goo.ne.jp,NA,NA,1122,2.46
26,Westley,Chomiszewski,wchomiszewskip@huffingtonpost.com,NA,NA,1385,3.18
27,Rollie,Dobble,rdobbleq@barnesandnoble.com,AS,OC,480,3.01
28,Domenico,Sykora,dsykorar@hatena.ne.jp,OC,SA,311,4.78
29,Myrwyn,Manuele,mmanueles@meetup.com,EU,NA,576,1.49
30,Erik,Aldcorne,ealdcornet@multiply.com,AS,NA,1080,2.1
31,Shelley,Hinkins,shinkinsu@wikispaces.com,AF,NA,593,2.54
32,Salomi,Blomfield,sblomfieldv@alibaba.com,SA,AS,1486,2.39
33,Lisle,Auchinleck,,AF,NA,562,2.1
34,Taylor,Mardling,tmardlingx@photobucket.com,OC,EU,640,4.78
35,Vito,Morgan,vmorgany@umich.edu,NA,AS,1001,1.65
36,Rex,Saggers,rsaggersz@yandex.ru,OC,AS,995,4.98
37,Clarence,Pesek,cpesek10@deviantart.com,EU,SA,1330,2.15
38,Jeane,Clemanceau,jclemanceau11@msu.edu,EU,AF,741,2.72
39,Lynnelle,Hinksen,lhinksen12@imgur.com,AS,AS,691,3.15
40,Egon,Bannell,ebannell13@intel.com,NA,NA,930,3.0
41,Daune,Belden,dbelden14@chicagotribune.com,NA,NA,535,4.41
42,Gabriel,Eastcott,geastcott15@dailymail.co.uk,AS,NA,882,4.14
43,Ole,Hardison,ohardison16@nymag.com,EU,NA,1025,2.78
44,Ansel,Addams,aaddams17@apache.org,NA,NA,421,3.8
45,Alain,Gray,agray18@marketwatch.com,OC,OC,552,3.28
46,Tamqrah,Lovell,tlovell19@fema.gov,OC,AF,551,3.29
47,Priscilla,Musgrave,pmusgrave1a@free.fr,SA,NA,1408,1.29
48,Giacomo,Capaldo,gcapaldo1b@topsy.com,OC,AS,1402,2.36
49,Nonna,Tanner,,AS,NA,1340,2.58
50,Gabbey,Barstowk,gbarstowk1d@friendfeed.com,AS,NA,1236,3.36
